{"loss":0.20618879802381226,"_timestamp":1.7440799251929712e+09,"_runtime":8.396050232,"_step":7,"_wandb":{"runtime":8},"acc":0.8320166090736365}